<RSAKeyValue>
  <Modulus>yBiyT7kn1l9xuxTTD4mORa/KAzKggiqB+F5VcqKA/VXHo15NsKAPxsviBP+OZTAyqmNhTUJ7tSQAHrsROGgeFJvSsHI/yeMAbqDEnHw81pRz9DG2VaHn+gCaI4jYxqqXDHw4m58ue79qaG+oCQtbiqo8FfTN/jiCo4DUAoBqdqk=</Modulus>
  <Exponent>AQAB</Exponent>
  <P>+ZJQf3i4c3CQ3ANh13uoNwcQLL5lB/ddyKb+TFzd1XEKNq+bmDjMS2PbOBoOxiRCoYO6fAT1ZYrt7cJz1T37Pw==</P>
  <Q>zUAkLhqtDDDV+T/lkklDuistGO8sEn2gvjI2JbyoaxhAz7v51XsiVoV/T/wPrlPiORB0WWQTyYpOdq/BTiIcFw==</Q>
  <DP>kLYvaQql4YIm7PwlEp6INogo79jimlDsF3oFQGAk3SuzoWwIC6b7hsd7CLfLU0cZP7AzRNBXPq7lMZUsNzy+Xw==</DP>
  <DQ>nxMsN1NTdRRQcjo0ihkgVaRq8l1D0hztvRsbXkoGWeJVMOtmaS9i4J3cmzgnSxwWQ9Xd5v4qW9RGlbQH5K+JBw==</DQ>
  <InverseQ>SBWqgmu64wFL7S7RBYhhTaiewPP7AFh5Fxip2abzdAMABkPzN+K1rTidQaP5GK5GzDv3ays+cnMuBVUjLr2Npw==</InverseQ>
  <D>IV/VJez5Ew16V7zicz37R+5JIH1qPiu+3+FEGUm3gAm1sa8CAErCNuM8wJ6rbn86hCbtTMig/5aQmo+TELh1A6kZT96+7kOQzykHWlwpOi6ewFbgI3+AEye8oWRG5ASMZM80MitAiJb6NoqAUQN3zDx1gdw/p4s5/y/BtFInb70=</D>
</RSAKeyValue>